component_name,min_order_quantity,max_order_quantity,mean_order_quantity,min_stock_level,max_stock_level,mean_stock_level,observations
Capacitor,0.0,359.0,3.83013698630137,451,1492,782.2958904109589,365
IC,0.0,341.0,1.6082191780821917,300,999,592.331506849315,365
Resistor,0.0,488.0,9.180821917808219,600,1980,954.2109589041096,365
